Workbook

Sheet Japan 2
A1: ลำดับ | B1: ชื่อ | C1: รายการสินค้า | D1: จำนวน | E1: ราคา/ชิ้น | F1: ราคารวม
A2: 1 | B2: Joyya | C2: birken boston mocha 42 | D2: 0 | E2: =if(C2<>"", VLOOKUP(C2,' สรุปยอด 2'!A:D,4,0),0) -> 5690 | F2: =E2*D2 -> 0
A3: 2 | B3: plearn | C3: face mask medicube ชมพู | D3: 1 | E3: =if(C3<>"", VLOOKUP(C3,' สรุปยอด 2'!A:D,4,0),0) -> 219 | F3: =E3*D3 -> 219
A4: 3 | B4: plearn | C4: kose gluta bomb ชมพู | D4: 1 | E4: =if(C4<>"", VLOOKUP(C4,' สรุปยอด 2'!A:D,4,0),0) -> 175 | F4: =E4*D4 -> 175
A5: 4 | B5: may | C5: ฮาดะทองใสแถบแดง (ขวด) | D5: 1 | E5: =if(C5<>"", VLOOKUP(C5,' สรุปยอด 2'!A:D,4,0),0) -> 275 | F5: =E5*D5 -> 275
A6: 5 | B6: sukwasa | C6: medicube pro x2 pink | D6: 1 | E6: =if(C6<>"", VLOOKUP(C6,' สรุปยอด 2'!A:D,4,0),0) -> 7490 | F6: =E6*D6 -> 7490
A7: 6 | B7: fonjinda | C7: ฮาดะทองใสแถบแดง (รีฟิล) | D7: 1 | E7: =if(C7<>"", VLOOKUP(C7,' สรุปยอด 2'!A:D,4,0),0) -> 259 | F7: =E7*D7 -> 259
A8: 7 | B8: จอมโหด | C8: ฮาดะทองใสแถบแดง (ขวด) | D8: 1 | E8: =if(C8<>"", VLOOKUP(C8,' สรุปยอด 2'!A:D,4,0),0) -> 275 | F8: =E8*D8 -> 275
A9: 8 | B9: Mt | C9: urea cream กระปุก | D9: 2 | E9: =if(C9<>"", VLOOKUP(C9,' สรุปยอด 2'!A:D,4,0),0) -> 199 | F9: =E9*D9 -> 398
A10: 9 | B10: Mt | C10: มาส์กข้าว | D10: 1 | E10: =if(C10<>"", VLOOKUP(C10,' สรุปยอด 2'!A:D,4,0),0) -> 195 | F10: =E10*D10 -> 195
A11: 10 | B11: Mt | C11: 7-11 แซนวิสส้ม | D11: 4 | E11: =if(C11<>"", VLOOKUP(C11,' สรุปยอด 2'!A:D,4,0),0) -> 85 | F11: =E11*D11 -> 340
A12: 11 | B12: Mt | C12: 7-11 ลิ้นแมวไวท์ | D12: 2 | E12: =if(C12<>"", VLOOKUP(C12,' สรุปยอด 2'!A:D,4,0),0) -> 65 | F12: =E12*D12 -> 130
A13: 12 | B13: Pomme | C13: 7-11 แซนวิสส้ม | D13: 3 | E13: =if(C13<>"", VLOOKUP(C13,' สรุปยอด 2'!A:D,4,0),0) -> 85 | F13: =E13*D13 -> 255
... A20: 19 | B20: piggy | C20: matcha cream cracker | D20: 3 | E20: =if(C20<>"", VLOOKUP(C20,' สรุปยอด 2'!A:D,4,0),0) -> 159 | F20: =E20*D20 -> 477
A21: 20 | B21: piggy | C21: สนามบิน NY 12 pc | D21: 3 | E21: 499 | F21: =E21*D21 -> 1497
A22: 21 | B22: piggy | C22: สนามบิน potato farm red | D22: 2 | E22: =if(C22<>"", VLOOKUP(C22,' สรุปยอด 2'!A:D,4,0),0) -> 339 | F22: =E22*D22 -> 678
A23: 23 | B23: piggy | C23: สนามบิน shiroi | D23: 1 | E23: 299 | F23: =E23*D23 -> 299
A24: 24 | B24: piggy | C24: ฮาดะทองใสแถบแดง (ขวด) | D24: 3 | E24: =if(C24<>"", VLOOKUP(C24,' สรุปยอด 2'!A:D,4,0),0) -> 275 | F24: =E24*D24 -> 825
A25: 25 | B25: piggy | C25: ฮาดะน้ำเงินแถบขาว (ขวด) | D25: 1 | E25: =if(C25<>"", VLOOKUP(C25,' สรุปยอด 2'!A:D,4,0),0) -> 275 | F25: =E25*D25 -> 275
A26: 26 | B26: bell | C26: ฮาดะแดงแถบขาว (ขวด) | D26: 1 | E26: =if(C26<>"", VLOOKUP(C26,' สรุปยอด 2'!A:D,4,0),0) -> 305 | F26: =E26*D26 -> 305
A27: 27 | B27: nuch | C27: Lip dhc ฟ้า | D27: 2 | E27: =if(C27<>"", VLOOKUP(C27,' สรุปยอด 2'!A:D,4,0),0) -> 239 | F27: =E27*D27 -> 478
A28: 28 | B28: nuch | C28: Lip dhc ปกติ | D28: 2 | E28: =if(C28<>"", VLOOKUP(C28,' สรุปยอด 2'!A:D,4,0),0) -> 179 | F28: =E28*D28 -> 358
A29: 29 | B29: nuch | C29: Lip dhc เทา | D29: 1 | E29: =if(C29<>"", VLOOKUP(C29,' สรุปยอด 2'!A:D,4,0),0) -> 190 | F29: =E29*D29 -> 190
A30: 30 | B30: tingting | C30: Lip dhc หน้ายิ้ม | D30: 1 | E30: =if(C30<>"", VLOOKUP(C30,' สรุปยอด 2'!A:D,4,0),0) -> 179 | F30: =E30*D30 -> 179
A31: 31 | B31: JR | C31: elixir sleeping brightening | D31: 1 | E31: =if(C31<>"", VLOOKUP(C31,' สรุปยอด 2'!A:D,4,0),0) -> 849 | F31: =E31*D31 -> 849
A32: 32 | B32: JR | C32: canmake fit glow cushion 01 | D32: 1 | E32: =if(C32<>"", VLOOKUP(C32,' สรุปยอด 2'!A:D,4,0),0) -> 429 | F32: =E32*D32 -> 429
A33: 33 | B33: JR | C33: elixir กันแดด brightening | D33: 1 | E33: =if(C33<>"", VLOOKUP(C33,' สรุปยอด 2'!A:D,4,0),0) -> 849 | F33: =E33*D33 -> 849
A34: 34 | B34: JR | C34: canmake ไฮไลท์ 02 | D34: 1 | E34: =if(C34<>"", VLOOKUP(C34,' สรุปยอด 2'!A:D,4,0),0) -> 179 | F34: =E34*D34 -> 179
A35: 35 | B35: ชมพู | C35: canmake ไฮไลท์ 03 | D35: 1 | E35: =if(C35<>"", VLOOKUP(C35,' สรุปยอด 2'!A:D,4,0),0) -> 179 | F35: =E35*D35 -> 179
... A214: 215 | B214: yui | C214: ถุง shopping 3 | D214: 3 | E214: =if(C214<>"", VLOOKUP(C214,' สรุปยอด 2'!A:D,4,0),0) -> 579 | F214: =E214*D214 -> 1737
A215: 216 | B215: geda | C215: รองเท้า gu | D215: 1 | E215: =if(C215<>"", VLOOKUP(C215,' สรุปยอด 2'!A:D,4,0),0) -> 849 | F215: =E215*D214 -> 2547
A216: 217 | B216: geda | C216: กาชาครัวซอง | D216: 7 | E216: =if(C216<>"", VLOOKUP(C216,' สรุปยอด 2'!A:D,4,0),0) -> 85 | F216: =E216*D216 -> 595
A217: 218 | B217: geda | C217: กาชา x sanrio | D217: 1 | E217: =if(C217<>"", VLOOKUP(C217,' สรุปยอด 2'!A:D,4,0),0) -> 115 | F217: =E217*D217 -> 115
A218: 219 | B218: geda | C218: จาน mofu | D218: 1 | E218: =if(C218<>"", VLOOKUP(C218,' สรุปยอด 2'!A:D,4,0),0) -> 199 | F218: =E218*D218 -> 199
A219: 220 | B219: geda | C219: quality ขาว | D219: 1 | E219: =if(C219<>"", VLOOKUP(C219,' สรุปยอด 2'!A:D,4,0),0) -> 205 | F219: =E219*D219 -> 205
A220: 221 | B220: geda | C220: quality ม่วง | D220: 1 | E220: =if(C220<>"", VLOOKUP(C220,' สรุปยอด 2'!A:D,4,0),0) -> 205 | F220: =E220*D220 -> 205
A221: 222 | B221: geda | C221: quality แดง | D221: 1 | E221: =if(C221<>"", VLOOKUP(C221,' สรุปยอด 2'!A:D,4,0),0) -> 205 | F221: =E221*D221 -> 205
A222: 223 | B222: waran | C222: daiso หูรูด kirby | D222: 1 | E222: =if(C222<>"", VLOOKUP(C222,' สรุปยอด 2'!A:D,4,0),0) -> 59 | F222: =E222*D222 -> 59
A223: 224 | B223: bp | C223: dior lipglow 001 | D223: 1 | E223: =if(C223<>"", VLOOKUP(C223,' สรุปยอด 2'!A:D,4,0),0) -> 1190 | F223: =E223*D223 -> 1190
A224: 225 | B224: pomme | C224: เสื้อ mancity gu | D224: 1 | E224: =if(C224<>"", VLOOKUP(C224,' สรุปยอด 2'!A:D,4,0),0) -> 549 | F224: =E224*D224 -> 549
A225: 226 | B225: pomme | C225: 7-11 sandwich strawberry | D225: 1 | E225: =if(C225<>"", VLOOKUP(C225,' สรุปยอด 2'!A:D,4,0),0) -> 85 | F225: =E225*D225 -> 85
A226: 227 | B226: pomme | C226: lululun eye mask | D226: 1 | E226: =if(C226<>"", VLOOKUP(C226,' สรุปยอด 2'!A:D,4,0),0) -> 379 | F226: =E226*D225 -> 379
A227: 228 | B227: k | C227: น้ำตาเทียมน้ำเงิน | D227: 2 | E227: =if(C227<>"", VLOOKUP(C227,' สรุปยอด 2'!A:D,4,0),0) -> 199 | F227: =E227*D227 -> 398
A228: 229 | B228: k | C228: contact lens -325 | D228: 1 | E228: =if(C228<>"", VLOOKUP(C228,' สรุปยอด 2'!A:D,4,0),0) -> 499 | F228: =E228*D228 -> 499
A229: 230 | B229: malty | C229: gel ส้วม peach | D229: 1 | E229: =if(C229<>"", VLOOKUP(C229,' สรุปยอด 2'!A:D,4,0),0) -> 99 | F229: =E229*D229 -> 99
A230: 231 | B230: malty | C230: gel ส้วม เขียว | D230: 1 | E230: =if(C230<>"", VLOOKUP(C230,' สรุปยอด 2'!A:D,4,0),0) -> 99 | F230: =E230*D230 -> 99
A231: 232 | B231: malty | C231: daiso glasses cleaning cloth | D231: 4 | E231: =if(C231<>"", VLOOKUP(C231,' สรุปยอด 2'!A:D,4,0),0) -> 59 | F231: =E231*D231 -> 236
A232: 233 | B232: malty | C232: 7-11 almond choc | D232: 1 | E232: =if(C232<>"", VLOOKUP(C232,' สรุปยอด 2'!A:D,4,0),0) -> 50 | F232: =E232*D232 -> 50
A233: 234 | B233: malty | C233: 7-11 บ๊วยเขียว | D233: 1 | E233: =if(C233<>"", VLOOKUP(C233,' สรุปยอด 2'!A:D,4,0),0) -> 55 | F233: =E233*D233 -> 55
A234: 235 | B234: malty | C234: 7-11 บ๊วยน้ำผึ้ง | D234: 1 | E234: =if(C234<>"", VLOOKUP(C234,' สรุปยอด 2'!A:D,4,0),0) -> 65 | F234: =E234*D234 -> 65
A235: 236 | B235: malty | C235: 7-11 บ๊วยฟ้า | D235: 1 | E235: =if(C235<>"", VLOOKUP(C235,' สรุปยอด 2'!A:D,4,0),0) -> 50 | F235: =E235*D235 -> 50
A236: 237 | B236: k | C236: hada brightening facial serum | D236: 1 | E236: =if(C236<>"", VLOOKUP(C236,' สรุปยอด 2'!A:D,4,0),0) -> 349 | F236: =E236*D236 -> 349
A237: 238 | B237: afia | C237: เสื้อ mancity gu | D237: 1 | E237: =if(C237<>"", VLOOKUP(C237,' สรุปยอด 2'!A:D,4,0),0) -> 549 | F237: =E237*D237 -> 549
A238: 239 | B238: afia | C238: gu ชุดนอน | D238: 1 | E238: =if(C238<>"", VLOOKUP(C238,' สรุปยอด 2'!A:D,4,0),0) -> 379 | F238: =E238*D238 -> 379
... A258: 259 | B258: piggy | C258: ผ้า mofu | D258: 2 | E258: =if(C258<>"", VLOOKUP(C258,' สรุปยอด 2'!A:D,4,0),0) | F258: =E258*D258 -> 0
A259: 260 | B259: piggy | C259: ผ้าเช็ดหน้า mofu | D259: 14 | E259: 249 | F259: =E259*D259 -> 3486
A260: 261 | B260: piggy | C260: ตุ๊กตา mofuใหญ่ | D260: 3 | E260: =if(C260<>"", VLOOKUP(C260,' สรุปยอด 2'!A:D,4,0),0) | F260: =E260*D260 -> 0
A261: 262 | B261: piggy | C261: ตุ๊กตา mofuเล็ก | D261: 2 | E261: =if(C261<>"", VLOOKUP(C261,' สรุปยอด 2'!A:D,4,0),0) | F261: =E261*D261 -> 0
A262: 263 | B262: piggy | C262: พวงกุญแจ mofu | D262: 5 | E262: =if(C262<>"", VLOOKUP(C262,' สรุปยอด 2'!A:D,4,0),0) | F262: =E262*D262 -> 0
A263: 264 | B263: นุ่น | C263: 7-11 calbee | D263: 1 | E263: =if(C263<>"", VLOOKUP(C263,' สรุปยอด 2'!A:D,4,0),0) -> 99 | F263: =E263*D263 -> 99
A264: 265 | B264: นุ่น | C264: anua 100+ | D264: 1 | E264: =if(C264<>"", VLOOKUP(C264,' สรุปยอด 2'!A:D,4,0),0) -> 749 | F264: =E264*D264 -> 749
A265: 266 | B265: นุ่น | C265: aqualabel ทอง | D265: 1 | E265: =if(C265<>"", VLOOKUP(C265,' สรุปยอด 2'!A:D,4,0),0) -> 499 | F265: =E265*D265 -> 499
A266: 267 | B266: นุ่น | C266: aqualabel แดง | D266: 1 | E266: =if(C266<>"", VLOOKUP(C266,' สรุปยอด 2'!A:D,4,0),0) -> 499 | F266: =E266*D266 -> 499
A267: 268 | B267: นุ่น | C267: hada กล่องฟ้า | D267: 1 | E267: =if(C267<>"", VLOOKUP(C267,' สรุปยอด 2'!A:D,4,0),0) -> 349 | F267: =E267*D267 -> 349
A268: 269 | B268: นุ่น | C268: mask eye quality | D268: 1 | E268: =if(C268<>"", VLOOKUP(C268,' สรุปยอด 2'!A:D,4,0),0) -> 245 | F268: =E268*D268 -> 245
A269: 270 | B269: cypher | C269: gu ชุดนอน | D269: 4 | E269: =if(C269<>"", VLOOKUP(C269,' สรุปยอด 2'!A:D,4,0),0) -> 379 | F269: =E269*D269 -> 1516
A270: 271 | B270: cypher | C270: hair milk | D270: 1 | E270: =if(C270<>"", VLOOKUP(C270,' สรุปยอด 2'!A:D,4,0),0) -> 359 | F270: =E270*D270 -> 359
A271: 272 | B271: cypher | C271: aqualabel น้ำเงิน | D271: 1 | E271: =if(C271<>"", VLOOKUP(C271,' สรุปยอด 2'!A:D,4,0),0) -> 479 | F271: =E271*D271 -> 479
... A317: 318 | B317: MP | C317: ม่อนชิ bow | D317: 1 | E317: =if(C317<>"", VLOOKUP(C317,' สรุปยอด 2'!A:D,4,0),0) | F317: =E317*D317 -> 0
A318: 319 | C318: kitty tan | D318: 2 | E318: =if(C318<>"", VLOOKUP(C318,' สรุปยอด 2'!A:D,4,0),0) | F318: =E318*D318 -> 0
A319: 320 | C319: mentholatum | E319: =if(C319<>"", VLOOKUP(C319,' สรุปยอด 2'!A:D,4,0),0) -> 49 | F319: =E319*D319 -> 0
A320: 321 | C320: quality แดง | E320: =if(C320<>"", VLOOKUP(C320,' สรุปยอด 2'!A:D,4,0),0) -> 205 | F320: =E320*D320 -> 0
A321: 322 | C321: quality gold | E321: =if(C321<>"", VLOOKUP(C321,' สรุปยอด 2'!A:D,4,0),0) -> 205 | F321: =E321*D321 -> 0
A322: 323 | E322: =if(C322<>"", VLOOKUP(C322,' สรุปยอด 2'!A:D,4,0),0) -> 0 | F322: =E322*D322 -> 0
A323: 324 | E323: =if(C323<>"", VLOOKUP(C323,' สรุปยอด 2'!A:D,4,0),0) -> 0 | F323: =E323*D323 -> 0
A324: 325 | E324: =if(C324<>"", VLOOKUP(C324,' สรุปยอด 2'!A:D,4,0),0) -> 0 | F324: =E324*D324 -> 0
A325: 326 | E325: 379 | F325: =E325*D325 -> 0
A326: 327 | E326: =if(C326<>"", VLOOKUP(C326,' สรุปยอด 2'!A:D,4,0),0) -> 0 | F326: =E326*D326 -> 0
A327: 328 | E327: =if(C327<>"", VLOOKUP(C327,' สรุปยอด 2'!A:D,4,0),0) -> 0 | F327: =E327*D327 -> 0
A328: 329 | E328: =if(C328<>"", VLOOKUP(C328,' สรุปยอด 2'!A:D,4,0),0) -> 0 | F328: =E328*D328 -> 0
A329: 330 | E329: =if(C329<>"", VLOOKUP(C329,' สรุปยอด 2'!A:D,4,0),0) -> 0 | F329: =E329*D329 -> 0
A330: 331 | E330: =if(C330<>"", VLOOKUP(C330,' สรุปยอด 2'!A:D,4,0),0) -> 0 | F330: =E330*D330 -> 0
A331: 332 | E331: =if(C331<>"", VLOOKUP(C331,' สรุปยอด 2'!A:D,4,0),0) -> 0 | F331: =E331*D331 -> 0
A332: 333 | E332: =if(C332<>"", VLOOKUP(C332,' สรุปยอด 2'!A:D,4,0),0) -> 0 | F332: =E332*D332 -> 0
A333: 334 | E333: =if(C333<>"", VLOOKUP(C333,' สรุปยอด 2'!A:D,4,0),0) -> 0 | F333: =E333*D333 -> 0
A334: 335 | E334: 219 | F334: =E334*D334 -> 0
A335: 336 | E335: 349 | F335: =E335*D335 -> 0
A336: 337 | E336: 990 | F336: =E336*D336 -> 0
A337: 338 | E337: 790 | F337: =E337*D337 -> 0
A338: 339 | E338: 590 | F338: =E338*D338 -> 0
A339: 340 | E339: 590 | F339: =E339*D339 -> 0
A340: 341 | E340: 390 | F340: =E340*D340 -> 0
A341: 342 | E341: 590 | F341: =E341*D341 -> 0
A342: 343 | E342: 65 | F342: =E342*D342 -> 0
A343: 344 | E343: 39 | F343: =E343*D343 -> 0
A344: 345 | E344: 222 | F344: =E344*D344 -> 0
A345: 346 | E345: =if(C345<>"", VLOOKUP(C345,' สรุปยอด 2'!A:D,4,0),0) -> 0 | F345: =E345*D345 -> 0
A346: 347 | E346: =if(C346<>"", VLOOKUP(C346,' สรุปยอด 2'!A:D,4,0),0) -> 0 | F346: =E346*D346 -> 0
A347: 348 | E347: =if(C347<>"", VLOOKUP(C347,' สรุปยอด 2'!A:D,4,0),0) -> 0 | F347: =E347*D347 -> 0
A348: 349 | E348: =if(C348<>"", VLOOKUP(C348,' สรุปยอด 2'!A:D,4,0),0) -> 0 | F348: =E348*D348 -> 0
...

Sheet ชีต3
B1: item | C1: amount | D1: price | E1: total
A2: 1 | B2: 7-11 ถั่วฟ้า | C2: 30 | D2: 49 | E2: =C2*D2 -> 1470
A3: 2 | B3: matcha cream cracker | C3: 3 | D3: 159 | E3: =C3*D3 -> 477
A4: 3 | B4: สนามบิน NY 12 pc | C4: 3 | D4: 499 | E4: =C4*D4 -> 1497
A5: 4 | B5: สนามบิน potato farm red | C5: 2 | D5: 339 | E5: =C5*D5 -> 678
A6: 5 | B6: สนามบิน shiroi | C6: 1 | D6: 299 | E6: =C6*D6 -> 299
A7: 6 | B7: ฮาดะทองใสแถบแดง (ขวด) | C7: 3 | D7: 275 | E7: =C7*D7 -> 825
A8: 7 | B8: ฮาดะน้ำเงินแถบขาว (ขวด) | C8: 1 | D8: 275 | E8: =C8*D8 -> 275
A9: 8 | B9: ขนมจิ้งจอก | C9: 2 | D9: 139 | E9: =C9*D9 -> 278
A10: 9 | B10: samidori | C10: 1 | D10: 419 | E10: =C10*D10 -> 419
A11: 10 | B11: kitkat matcha choc | C11: 1 | D11: 99 | E11: =C11*D11 -> 99
A12: 11 | B12: kitkat matcha | C12: 1 | D12: 99 | E12: =C12*D12 -> 99
A13: 12 | B13: kitkat strawberry | C13: 1 | D13: 99 | E13: =C13*D13 -> 99
... A45: 44 | B45: ตุ๊กตา mofu strawberry | C45: 1 | D45: 799 | E45: =C45*D45 -> 799
B46: Total | E46: =SUM(E2:E45) -> 26162

Sheet  สรุปยอด 2
A1: รายการสินค้า | B1: รูป | C1: จำนวนรวม | D1: ราคา (บาท) | E1: ซื้อไปแล้วเท่าไหร่ | F1: เหลือ
A2: {=UNIQUE('Japan 2'!C2:C748)} -> birken boston mocha 42 | C2: =SUMIF('Japan 2'!C2:C748,A2,'Japan 2'!D2:D748) -> 0 | D2: 5690 | F2: 0
A3: face mask medicube ชมพู | C3: =SUMIF('Japan 2'!C3:C748,A3,'Japan 2'!D3:D748) -> 5 | D3: 219 | F3: 0
A4: kose gluta bomb ชมพู | C4: =SUMIF('Japan 2'!C4:C748,A4,'Japan 2'!D4:D748) -> 1 | D4: 175 | F4: 0
A5: ฮาดะทองใสแถบแดง (ขวด) | C5: =SUMIF('Japan 2'!C5:C749,A5,'Japan 2'!D5:D749) -> 8 | D5: 275 | F5: 0
A6: medicube pro x2 pink | C6: =SUMIF('Japan 2'!C6:C748,A6,'Japan 2'!D6:D748) -> 3 | D6: 7490 | E6: 3 | F6: 0
A7: ฮาดะทองใสแถบแดง (รีฟิล) | C7: =SUMIF('Japan 2'!C7:C748,A7,'Japan 2'!D7:D748) -> 1 | D7: 259 | F7: 0
A8: urea cream กระปุก | C8: =SUMIF('Japan 2'!C8:C748,A8,'Japan 2'!D8:D748) -> 2 | D8: 199 | F8: 0
A9: มาส์กข้าว | C9: =SUMIF('Japan 2'!C9:C748,A9,'Japan 2'!D9:D748) -> 3 | D9: 195 | F9: 0
A10: 7-11 แซนวิสส้ม | C10: =SUMIF('Japan 2'!C10:C748,A10,'Japan 2'!D10:D748) -> 17 | D10: 85 | F10: 0
A11: 7-11 ลิ้นแมวไวท์ | C11: =SUMIF('Japan 2'!C11:C748,A11,'Japan 2'!D11:D748) -> 2 | D11: 65 | F11: 0
A12: Dior forever glow luminizer limited edition | C12: =SUMIF('Japan 2'!C12:C748,A12,'Japan 2'!D12:D748) -> 0 | D12: 2190 | F12: 0
A13: Arc'teryx s-m | C13: =SUMIF('Japan 2'!C13:C748,A13,'Japan 2'!D13:D748) -> 0 | D13: 1150 | F13: 0
A14: มาส์ก PDC red | C14: =SUMIF('Japan 2'!C14:C748,A14,'Japan 2'!D14:D748) -> 1 | D14: 195 | F14: 0
A15: 7-11 ถั่วฟ้า | C15: =SUMIF('Japan 2'!C15:C748,A15,'Japan 2'!D15:D748) -> 30 | D15: 49 | F15: 0
A16: matcha cream cracker | C16: =SUMIF('Japan 2'!C16:C748,A16,'Japan 2'!D16:D748) -> 3 | D16: 159 | E16: 3 | F16: 0
A17: สนามบิน NY 12 pc | C17: =SUMIF('Japan 2'!C17:C748,A17,'Japan 2'!D17:D748) -> 3 | D17: 349 | F17: 0
A18: สนามบิน potato farm red | C18: =SUMIF('Japan 2'!C18:C748,A18,'Japan 2'!D18:D748) -> 2 | D18: 339 | F18: 0
A19: สนามบิน shiroi | C19: =SUMIF('Japan 2'!C19:C748,A19,'Japan 2'!D19:D748) -> 1 | D19: 279 | F19: 0
A20: ฮาดะน้ำเงินแถบขาว (ขวด) | C20: =SUMIF('Japan 2'!C20:C748,A20,'Japan 2'!D20:D748) -> 2 | D20: 275 | F20: 0
A21: ฮาดะแดงแถบขาว (ขวด) | C21: =SUMIF('Japan 2'!C21:C748,A21,'Japan 2'!D21:D748) -> 3 | D21: 305 | F21: 0
A22: Lip dhc ฟ้า | C22: =SUMIF('Japan 2'!C22:C748,A22,'Japan 2'!D22:D748) -> 2 | D22: 239 | F22: 0
A23: Lip dhc ปกติ | C23: =SUMIF('Japan 2'!C23:C748,A23,'Japan 2'!D23:D748) -> 3 | D23: 179 | F23: 0
A24: Lip dhc เทา | C24: =SUMIF('Japan 2'!C23:C748,A24,'Japan 2'!D23:D748) -> 1 | D24: 190 | F24: 0
A25: Lip dhc หน้ายิ้ม | C25: =SUMIF('Japan 2'!C24:C748,A25,'Japan 2'!D24:D748) -> 1 | D25: 179 | F25: 0
A26: elixir sleeping brightening | C26: =SUMIF('Japan 2'!C25:C748,A26,'Japan 2'!D25:D748) -> 1 | D26: 849 | F26: 0
A27: canmake fit glow cushion 01 | C27: =SUMIF('Japan 2'!C26:C748,A27,'Japan 2'!D26:D748) -> 1 | D27: 429 | F27: 0
A28: elixir กันแดด brightening | C28: =SUMIF('Japan 2'!C27:C748,A28,'Japan 2'!D27:D748) -> 1 | D28: 849 | F28: 0
A29: canmake ไฮไลท์ 02 | C29: =SUMIF('Japan 2'!C28:C748,A29,'Japan 2'!D28:D748) -> 1 | D29: 179 | F29: 0
A30: canmake ไฮไลท์ 03 | C30: =SUMIF('Japan 2'!C28:C748,A30,'Japan 2'!D28:D748) -> 1 | D30: 179 | F30: 0
A31: หยดส้วมชมพู | C31: =SUMIF('Japan 2'!C30:C748,A31,'Japan 2'!D30:D748) -> 2 | D31: 99 | F31: 0
A32: mask anua green | C32: =SUMIF('Japan 2'!C31:C748,A32,'Japan 2'!D31:D748) -> 1 | D32: 209 | F32: 0
A33: mask anua blue | C33: =SUMIF('Japan 2'!C32:C748,A33,'Japan 2'!D32:D748) -> 1 | D33: 209 | F33: 0
A34: maputi สบู่ล้าง | C34: =SUMIF('Japan 2'!C33:C748,A34,'Japan 2'!D33:D748) -> 1 | F34: 0
A35: น้ำตบ C แถบแดง | C35: =SUMIF('Japan 2'!C34:C748,A35,'Japan 2'!D34:D748) -> 1 | D35: 289 | F35: 0
A36: ฮาดะแดงแถบขาว (รีฟิล) | C36: =SUMIF('Japan 2'!C35:C748,A36,'Japan 2'!D35:D748) -> 1 | D36: 279 | F36: 0
A37: Elixir กันแดด tone up | C37: =SUMIF('Japan 2'!C36:C748,A37,'Japan 2'!D36:D748) -> 2 | D37: 799 | F37: 0
A38: dior backstage palette 02 | C38: =SUMIF('Japan 2'!C37:C748,A38,'Japan 2'!D37:D748) -> 1 | D38: 1650 | E38: 1 | F38: 0
A39: 7-11 แซนวิสฟ้า | C39: =SUMIF('Japan 2'!C38:C748,A39,'Japan 2'!D38:D748) -> 10 | D39: 85 | F39: 0
A40: fino | C40: =SUMIF('Japan 2'!C39:C748,A40,'Japan 2'!D39:D748) -> 5 | D40: 249 | F40: 0
A41: quality ส้ม super pdrn | C41: =SUMIF('Japan 2'!C40:C749,A41,'Japan 2'!D40:D749) -> 1 | D41: 259 | F41: 0
A42: dior backstage palette 03 | C42: =SUMIF('Japan 2'!C41:C750,A42,'Japan 2'!D41:D750) -> 1 | D42: 1650 | E42: 1 | F42: 0
A43: canmake แป้งรีฟิล ทอง02 | C43: =SUMIF('Japan 2'!C42:C751,A43,'Japan 2'!D42:D751) -> 1 | D43: 209 | F43: 0
A44: canmake เขียนคิ้ว 01 | C44: =SUMIF('Japan 2'!C43:C752,A44,'Japan 2'!D43:D752) -> 1 | D44: 159 | F44: 0
A45: biore aqua rich ฟ้า | C45: =SUMIF('Japan 2'!C44:C753,A45,'Japan 2'!D44:D753) -> 1 | D45: 269 | F45: 0
A46: 7-11 ทาโร่เล็ก | C46: =SUMIF('Japan 2'!C45:C754,A46,'Japan 2'!D45:D754) -> 7 | D46: 50 | F46: 0
A47: ครีม muhi | C47: =SUMIF('Japan 2'!C46:C755,A47,'Japan 2'!D46:D755) -> 1 | D47: 199 | F47: 0
A48: แก้เจ็บคอชมพู | C48: =SUMIF('Japan 2'!C47:C756,A48,'Japan 2'!D47:D756) -> 1 | D48: 159 | F48: 0
A49: แก้เจ็บคอฟ้า | C49: =SUMIF('Japan 2'!C48:C757,A49,'Japan 2'!D48:D757) -> 1 | D49: 159 | F49: 0
A50: fukkurinko rice mask | C50: =SUMIF('Japan 2'!C49:C748,A50,'Japan 2'!D49:D748) -> 1 | D50: 295 | F50: 0
A51: canmake base 02 | C51: =SUMIF('Japan 2'!C50:C748,A51,'Japan 2'!D50:D748) -> 1 | D51: 209 | F51: 0
A52: elixir balance | C52: =SUMIF('Japan 2'!C51:C748,A52,'Japan 2'!D51:D748) -> 4 | D52: 579 | F52: 0
A53: medicube pro x2 white | C53: =SUMIF('Japan 2'!C52:C748,A53,'Japan 2'!D52:D748) -> 1 | D53: 7490 | E53: 1 | F53: 0
A54: แป้ง baby | C54: =SUMIF('Japan 2'!C53:C748,A54,'Japan 2'!D53:D748) -> 1 | D54: 199 | F54: 0
A55: nivea cherry red | C55: =SUMIF('Japan 2'!C54:C748,A55,'Japan 2'!D54:D748) -> 1 | D55: 129 | F55: 0
A56: mentholatum | C56: =SUMIF('Japan 2'!C54:C748,A56,'Japan 2'!D54:D748) -> 2 | D56: 49 | F56: 0
A57: canmake แป้งขาว | C57: =SUMIF('Japan 2'!C55:C748,A57,'Japan 2'!D55:D748) -> 5 | D57: 299 | F57: 0
A58: elixir cleansing oil | C58: =SUMIF('Japan 2'!C56:C748,A58,'Japan 2'!D56:D748) -> 1 | D58: 679 | F58: 0
A59: maputi | C59: =SUMIF('Japan 2'!C57:C748,A59,'Japan 2'!D57:D748) -> 1 | D59: 579 | F59: 0
A60: tsubaki แชมพู แดง | C60: =SUMIF('Japan 2'!C58:C748,A60,'Japan 2'!D58:D748) -> 2 | D60: 219 | F60: 0
A61: tsubaki ครีมนวด แดง | C61: =SUMIF('Japan 2'!C59:C748,A61,'Japan 2'!D59:D748) -> 1 | D61: 219 | F61: 0
A62: ยาหยอดตาส้ม | C62: =SUMIF('Japan 2'!C60:C748,A62,'Japan 2'!D60:D748) -> 5 | D62: 79 | F62: 0
A63: elixir total v | C63: =SUMIF('Japan 2'!C61:C748,A63,'Japan 2'!D61:D748) -> 1 | D63: 2390 | F63: 0
A64: elixir serum | C64: =SUMIF('Japan 2'!C62:C748,A64,'Japan 2'!D62:D748) -> 1 | D64: 1999 | F64: 0
A65: elixie กันแดดธรรมดา | C65: =SUMIF('Japan 2'!C63:C748,A65,'Japan 2'!D63:D748) -> 1 | D65: 799 | F65: 0
A66: elixir design time serum | C66: =SUMIF('Japan 2'!C64:C748,A66,'Japan 2'!D64:D748) -> 1 | D66: 1249 | F66: 0
A67: canmake คุมมันเขียว | C67: =SUMIF('Japan 2'!C65:C748,A67,'Japan 2'!D65:D748) -> 1 | D67: 219 | F67: 0
A68: แปรง rosy rosa | C68: =SUMIF('Japan 2'!C66:C748,A68,'Japan 2'!D66:D748) -> 2 | D68: 329 | F68: 0
A69: eye cream white | C69: =SUMIF('Japan 2'!C67:C748,A69,'Japan 2'!D67:D748) -> 2 | D69: 239 | F69: 0
A70: กิ๊บ esther white | C70: =SUMIF('Japan 2'!C68:C748,A70,'Japan 2'!D68:D748) -> 2 | D70: 259 | F70: 0
A71: กิ๊บ esther purple | C71: =SUMIF('Japan 2'!C69:C748,A71,'Japan 2'!D69:D748) -> 1 | D71: 259 | F71: 0
A72: สมุด esther | C72: =SUMIF('Japan 2'!C70:C748,A72,'Japan 2'!D70:D748) -> 2 | D72: 99 | F72: 0
A73: lululun purple | C73: =SUMIF('Japan 2'!C72:C749,A73,'Japan 2'!D72:D749) -> 3 | D73: 235 | F73: 0
A74: canmake cream cheek 16 | C74: =SUMIF('Japan 2'!C73:C750,A74,'Japan 2'!D73:D750) -> 1 | D74: 179 | F74: 0
A75: canmake cream cheek 23 | C75: =SUMIF('Japan 2'!C74:C751,A75,'Japan 2'!D74:D751) -> 1 | D75: 179 | F75: 0
A76: มาส์กข้าวแบบล้างออก | C76: =SUMIF('Japan 2'!C75:C752,A76,'Japan 2'!D75:D752) -> 1 | D76: 279 | F76: 0
A77: anua 15+ | C77: =SUMIF('Japan 2'!C76:C753,A77,'Japan 2'!D76:D753) -> 1 | D77: 659 | F77: 0
A78: maputi (no) | C78: =SUMIF('Japan 2'!C77:C754,A78,'Japan 2'!D77:D754) -> 1 | D78: 579 | F78: 0
A79: estee | C79: =SUMIF('Japan 2'!C78:C755,A79,'Japan 2'!D78:D755) -> 1 | D79: 1750 | E79: 1 | F79: 0
A80: Metholatum water lip | C80: =SUMIF('Japan 2'!C79:C756,A80,'Japan 2'!D79:D756) -> 1 | D80: 99 | F80: 0
A81: Quality gold | C81: =SUMIF('Japan 2'!C80:C757,A81,'Japan 2'!D80:D757) -> 3 | D81: 205 | F81: 0
A82: 7-11 บ๊วยน้ำผึ้ง | C82: =SUMIF('Japan 2'!C81:C758,A82,'Japan 2'!D81:D758) -> 5 | D82: 65 | F82: 0
A83: eye cream red | C83: =SUMIF('Japan 2'!C82:C759,A83,'Japan 2'!D82:D759) -> 1 | D83: 239 | F83: 0
A84: ยาสีฟัน pro 2 สูตร | C84: =SUMIF('Japan 2'!C83:C760,A84,'Japan 2'!D83:D760) -> 2 | D84: 199 | F84: 0
A85: mask eye quality | C85: =SUMIF('Japan 2'!C84:C761,A85,'Japan 2'!D84:D761) -> 3 | D85: 245 | F85: 0
A86: anua10+ | C86: =SUMIF('Japan 2'!C85:C762,A86,'Japan 2'!D85:D762) -> 1 | D86: 659 | F86: 0
A87: sugar butter sand tree green | C87: =SUMIF('Japan 2'!C86:C763,A87,'Japan 2'!D86:D763) -> 1 | D87: 259 | E87: 1 | F87: 0
A88: กาชา snoopy | C88: =SUMIF('Japan 2'!C87:C764,A88,'Japan 2'!D87:D764) -> 1 | D88: 145 | F88: 0
A89: lion red | C89: =SUMIF('Japan 2'!C88:C765,A89,'Japan 2'!D88:D765) -> 1 | D89: 139 | F89: 0
A90: ยาแก้เมาเรือ | C90: =SUMIF('Japan 2'!C89:C766,A90,'Japan 2'!D89:D766) -> 2 | D90: 439 | E90: 2 | F90: 0
A91: skin aqua lavender | C91: =SUMIF('Japan 2'!C90:C767,A91,'Japan 2'!D90:D767) -> 1 | D91: 249 | F91: 0
A92: melty cream lip blue | C92: =SUMIF('Japan 2'!C91:C768,A92,'Japan 2'!D91:D768) -> 1 | D92: 129 | F92: 0
A93: skin aqua essence | C93: =SUMIF('Japan 2'!C92:C769,A93,'Japan 2'!D92:D769) -> 1 | D93: 199 | F93: 0
A94: เสื้อ mofusan | C94: =SUMIF('Japan 2'!C93:C770,A94,'Japan 2'!D93:D770) -> 3 | D94: 899 | F94: 0
A95: ช้อนส้อม mofusan | C95: =SUMIF('Japan 2'!C94:C771,A96,'Japan 2'!D94:D771) -> 1 | D95: 219 | F95: 0
A96: กิ๊บ mofusan | C96: =SUMIF('Japan 2'!C95:C772,#REF!,'Japan 2'!D95:D772) -> 0 | D96: 309 | F96: 0
A97: กระดาษ note mofusan | C97: =SUMIF('Japan 2'!C96:C773,A97,'Japan 2'!D96:D773) -> 1 | D97: 299 | F97: 0
A98: กาชากระเป๋า mofusan | C98: =SUMIF('Japan 2'!C97:C774,A98,'Japan 2'!D97:D774) -> 2 | D98: 145 | F98: 0
A99: กาชากระป๋อง | C99: =SUMIF('Japan 2'!C98:C775,A99,'Japan 2'!D98:D775) -> 1 | D99: 115 | F99: 0
A100: กาชา care bear | C100: =SUMIF('Japan 2'!C99:C776,A100,'Japan 2'!D99:D776) -> 3 | D100: 115 | F100: 0
...

Sheet รวมยอดลูกค้า
A1: Checklist | C1: =COUNTA(C3:C950) -> 75 | D1: =sum(D3:D953) -> 161272 | E1: =sum(E3:E953) -> 529 | F1: =sum(F3:F953) -> 161801 | G1: =SUMIF(G3:G953, "โอนแล้ว", F3:F953) -> 5155
C2: ชื่อลูกค้า | D2: รวมยอด | E2: ค่าส่ง | F2: รวมทั้งหมด | G2: โอน | H2: หมายเหตุ | I2: ที่อยู่จัดส่ง | J2: รวมเงินได้ | K2: =sum(F3:F953) -> 161801 | L2: =0.18*K2 -> 29124.18
A3: FALSE | B3: 1 | C3: {=unique('Japan 2'!B2:B953)} -> Joyya | D3: =sumif('Japan 2'!B:B,C3,'Japan 2'!F:F) -> 0 | F3: =D3+E3 -> 0
A4: FALSE | B4: 2 | C4: plearn | D4: =sumif('Japan 2'!B:B,C4,'Japan 2'!F:F) -> 2388 | F4: =D4+E4 -> 2388
A5: FALSE | B5: 3 | C5: may | D5: =sumif('Japan 2'!B:B,C5,'Japan 2'!F:F) -> 615 | F5: =D5+E5 -> 615
A6: FALSE | B6: 4 | C6: sukwasa | D6: =sumif('Japan 2'!B:B,C6,'Japan 2'!F:F) -> 7490 | F6: =D6+E6 -> 7490
A7: FALSE | B7: 5 | C7: fonjinda | D7: =sumif('Japan 2'!B:B,C7,'Japan 2'!F:F) -> 627 | F7: =D7+E7 -> 627
A8: FALSE | B8: 6 | C8: จอมโหด | D8: =sumif('Japan 2'!B:B,C8,'Japan 2'!F:F) -> 275 | E8: 50 | F8: =D8+E8 -> 325 | G8: ยังไม่โอน
A9: FALSE | B9: 7 | C9: Mt | D9: =sumif('Japan 2'!B:B,C9,'Japan 2'!F:F) -> 1272 | F9: =D9+E9 -> 1272
A10: FALSE | B10: 8 | C10: Pomme | D10: =sumif('Japan 2'!B:B,C10,'Japan 2'!F:F) -> 3355 | F10: =D10+E10 -> 3355
A11: FALSE | B11: 9 | C11: geda | D11: =sumif('Japan 2'!B:B,C11,'Japan 2'!F:F) -> 9488 | F11: =D11+E11 -> 9488
A12: FALSE | B12: 10 | C12: tingting | D12: =sumif('Japan 2'!B:B,C12,'Japan 2'!F:F) -> 1873 | F12: =D12+E12 -> 1873
A13: FALSE | B13: 11 | C13: waran | D13: 758 | F13: =D13+E13 -> 758
A14: FALSE | B14: 12 | C14: piggy | D14: =sumif('Japan 2'!B:B,C14,'Japan 2'!F:F) -> 12268 | F14: =D14+E14 -> 12268
A15: FALSE | B15: 13 | C15: bell | D15: =sumif('Japan 2'!B:B,C15,'Japan 2'!F:F) -> 305 | F15: =D15+E15 -> 305
A16: FALSE | B16: 14 | C16: nuch | D16: =sumif('Japan 2'!B:B,C16,'Japan 2'!F:F) -> 2223 | F16: =D16+E16 -> 2223
A17: FALSE | B17: 15 | C17: JR | D17: =sumif('Japan 2'!B:B,C17,'Japan 2'!F:F) -> 2780 | F17: =D17+E17 -> 2780
A18: FALSE | B18: 16 | C18: ชมพู | D18: =sumif('Japan 2'!B:B,C18,'Japan 2'!F:F) -> 473 | F18: =D18+E18 -> 473
A19: FALSE | B19: 17 | C19: Airrr | D19: =sumif('Japan 2'!B:B,C19,'Japan 2'!F:F) -> 418 | F19: =D19+E19 -> 418
A20: FALSE | B20: 18 | C20: Mint | D20: =sumif('Japan 2'!B:B,C20,'Japan 2'!F:F) -> 579 | F20: =D20+E20 -> 579
A21: FALSE | B21: 19 | C21: bow | D21: =sumif('Japan 2'!B:B,C21,'Japan 2'!F:F) -> 6173 | F21: =D21+E21 -> 6173
A22: FALSE | B22: 20 | C22: แนน | D22: =sumif('Japan 2'!B:B,C22,'Japan 2'!F:F) -> 6404 | F22: =D22+E22 -> 6404
A23: FALSE | B23: 21 | C23: meiji | D23: =sumif('Japan 2'!B:B,C23,'Japan 2'!F:F) -> 478 | F23: =D23+E23 -> 478
A24: FALSE | B24: 22 | C24: aluli | D24: =sumif('Japan 2'!B:B,C24,'Japan 2'!F:F) -> 7490 | F24: =D24+E24 -> 7490
A25: FALSE | B25: 23 | C25: june | D25: =sumif('Japan 2'!B:B,C25,'Japan 2'!F:F) -> 1650 | F25: =D25+E25 -> 1650
... A29: FALSE | B29: 27 | C29: bencho | D29: =sumif('Japan 2'!B:B,C29,'Japan 2'!F:F) -> 7727 | F29: =D29+E29 -> 7727
A30: FALSE | B30: 28 | C30: nnayne | D30: =sumif('Japan 2'!B:B,C30,'Japan 2'!F:F) -> 833 | E30: 39 | F30: =D30+E30 -> 872 | G30: ยังไม่โอน
A31: FALSE | B31: 29 | C31: ebapp | D31: =sumif('Japan 2'!B:B,C31,'Japan 2'!F:F) -> 548 | F31: =D31+E31 -> 548
A32: FALSE | B32: 30 | C32: pookie | D32: =sumif('Japan 2'!B:B,C32,'Japan 2'!F:F) -> 8514 | E32: 39 | F32: =D32+E32 -> 8553 | G32: ยังไม่โอน
A33: FALSE | B33: 31 | C33: dada | D33: =sumif('Japan 2'!B:B,C33,'Japan 2'!F:F) -> 679 | F33: =D33+E33 -> 679
A34: FALSE | B34: 32 | C34: bobelle | D34: =sumif('Japan 2'!B:B,C34,'Japan 2'!F:F) -> 2434 | F34: =D34+E34 -> 2434
A35: FALSE | B35: 33 | C35: toeii | D35: =sumif('Japan 2'!B:B,C35,'Japan 2'!F:F) -> 1371 | F35: =D35+E35 -> 1371
A36: FALSE | B36: 34 | C36: maiiz | D36: =sumif('Japan 2'!B:B,C36,'Japan 2'!F:F) -> 8436 | F36: =D36+E36 -> 8436
A37: FALSE | B37: 35 | C37: กระต่าย | D37: =sumif('Japan 2'!B:B,C37,'Japan 2'!F:F) -> 1105 | E37: 39 | F37: =D37+E37 -> 1144 | G37: ยังไม่โอน
A38: FALSE | B38: 36 | C38: aommy | D38: =sumif('Japan 2'!B:B,C38,'Japan 2'!F:F) -> 659 | E38: 39 | F38: =D38+E38 -> 698 | G38: ยังไม่โอน
A39: FALSE | B39: 37 | C39: mint | D39: =sumif('Japan 2'!B:B,C39,'Japan 2'!F:F) -> 579 | F39: =D39+E39 -> 579
A40: FALSE | B40: 38 | C40: Bee | D40: =sumif('Japan 2'!B:B,C40,'Japan 2'!F:F) -> 1750 | F40: =D40+E40 -> 1750
A41: FALSE | B41: 39 | C41: Aom | D41: =sumif('Japan 2'!B:B,C41,'Japan 2'!F:F) -> 1598 | F41: =D41+E41 -> 1598
A42: FALSE | B42: 40 | C42: ปอย | D42: =sumif('Japan 2'!B:B,C42,'Japan 2'!F:F) -> 99 | F42: =D42+E42 -> 99
A43: FALSE | B43: 41 | C43: your | D43: =sumif('Japan 2'!B:B,C43,'Japan 2'!F:F) -> 1547 | E43: 39 | F43: =D43+E43 -> 1586
A44: FALSE | B44: 42 | C44: เมกกะ | D44: =sumif('Japan 2'!B:B,C44,'Japan 2'!F:F) -> 844 | F44: =D44+E44 -> 844
A45: FALSE | B45: 43 | C45: xxm | D45: =sumif('Japan 2'!B:B,C45,'Japan 2'!F:F) -> 722 | F45: =D45+E45 -> 722
A46: FALSE | B46: 44 | C46: พี่พลอย | D46: =sumif('Japan 2'!B:B,C46,'Japan 2'!F:F) -> 2148 | F46: =D46+E46 -> 2148
A47: FALSE | B47: 45 | C47: น้องข้าว | D47: =sumif('Japan 2'!B:B,C47,'Japan 2'!F:F) -> 1205 | F47: =D47+E47 -> 1205
A48: FALSE | B48: 46 | C48: naynay | D48: =sumif('Japan 2'!B:B,C48,'Japan 2'!F:F) -> 2087 | E48: 39 | F48: =D48+E48 -> 2126 | G48: โอนแล้ว
A49: FALSE | B49: 47 | C49: kwang | D49: =sumif('Japan 2'!B:B,C49,'Japan 2'!F:F) -> 828 | E49: 39 | F49: =D49+E49 -> 867 | G49: โอนแล้ว
A50: FALSE | B50: 48 | C50: nunthicha | D50: =sumif('Japan 2'!B:B,C50,'Japan 2'!F:F) -> 1387 | F50: =D50+E50 -> 1387 | G50: โอนแล้ว
A51: FALSE | B51: 49 | C51: Poy | D51: =sumif('Japan 2'!B:B,C51,'Japan 2'!F:F) -> 1787 | E51: 39 | F51: =D51+E51 -> 1826 | G51: ยังไม่โอน
A52: FALSE | B52: 50 | C52: tammy | D52: =sumif('Japan 2'!B:B,C52,'Japan 2'!F:F) -> 725 | E52: 50 | F52: =D52+E52 -> 775 | G52: โอนแล้ว
A53: FALSE | B53: 51 | C53: malty | D53: =sumif('Japan 2'!B:B,C53,'Japan 2'!F:F) -> 3370 | F53: =D53+E53 -> 3370
A54: FALSE | B54: 52 | C54: ein | D54: =sumif('Japan 2'!B:B,C54,'Japan 2'!F:F) -> 820 | F54: =D54+E54 -> 820
A55: FALSE | B55: 53 | C55: หงส์ | D55: =sumif('Japan 2'!B:B,C55,'Japan 2'!F:F) -> 4750 | F55: =D55+E55 -> 4750
A56: FALSE | B56: 54 | C56: sw | D56: =sumif('Japan 2'!B:B,C56,'Japan 2'!F:F) -> 298 | F56: =D56+E56 -> 298
A57: FALSE | B57: 55 | C57: f | D57: =sumif('Japan 2'!B:B,C57,'Japan 2'!F:F) -> 918 | F57: =D57+E57 -> 918
A58: FALSE | B58: 56 | C58: มิน | D58: =sumif('Japan 2'!B:B,C58,'Japan 2'!F:F) -> 459 | F58: =D58+E58 -> 459
A59: FALSE | B59: 57 | C59: tao | D59: =sumif('Japan 2'!B:B,C59,'Japan 2'!F:F) -> 1515 | F59: =D59+E59 -> 1515
A60: FALSE | B60: 58 | C60: Tigamo | D60: =sumif('Japan 2'!B:B,C60,'Japan 2'!F:F) -> 275 | F60: =D60+E60 -> 275
A61: FALSE | B61: 59 | C61: aom | D61: =sumif('Japan 2'!B:B,C61,'Japan 2'!F:F) -> 1598 | F61: =D61+E61 -> 1598
A62: FALSE | B62: 60 | C62: oor | D62: =sumif('Japan 2'!B:B,C62,'Japan 2'!F:F) -> 580 | F62: =D62+E62 -> 580
A63: FALSE | B63: 61 | C63: Zin | D63: =sumif('Japan 2'!B:B,C63,'Japan 2'!F:F) -> 179 | F63: =D63+E63 -> 179
A64: FALSE | B64: 62 | C64: pinnn | D64: =sumif('Japan 2'!B:B,C64,'Japan 2'!F:F) -> 379 | F64: =D64+E64 -> 379
... A69: FALSE | B69: 67 | C69: pomme | D69: =sumif('Japan 2'!B:B,C69,'Japan 2'!F:F) -> 3355 | F69: =D69+E69 -> 3355
A70: FALSE | B70: 68 | C70: k | D70: =sumif('Japan 2'!B:B,C70,'Japan 2'!F:F) -> 1246 | E70: 39 | F70: =D70+E70 -> 1285 | G70: ยังไม่โอน
A71: FALSE | B71: 69 | C71: afia | D71: =sumif('Japan 2'!B:B,C71,'Japan 2'!F:F) -> 928 | E71: 39 | F71: =D71+E71 -> 967 | G71: ยังไม่โอน
A72: FALSE | B72: 70 | C72: ami | D72: =sumif('Japan 2'!B:B,C72,'Japan 2'!F:F) -> 932 | E72: 39 | F72: =D72+E72 -> 971
A73: FALSE | B73: 71 | C73: cypher | D73: =sumif('Japan 2'!B:B,C73,'Japan 2'!F:F) -> 7423 | F73: =D73+E73 -> 7423
A74: FALSE | B74: 72 | C74: pim | D74: =sumif('Japan 2'!B:B,C74,'Japan 2'!F:F) -> 2073 | F74: =D74+E74 -> 2073
A75: FALSE | B75: 73 | C75: พี่แนน | D75: =sumif('Japan 2'!B:B,C75,'Japan 2'!F:F) -> 218 | F75: =D75+E75 -> 218
A76: FALSE | B76: 74 | C76: พี่สกี | D76: =sumif('Japan 2'!B:B,C76,'Japan 2'!F:F) -> 1085 | F76: =D76+E76 -> 1085
A77: FALSE | B77: 75 | C77: MP | D77: =sumif('Japan 2'!B:B,C77,'Japan 2'!F:F) -> 0
A78: FALSE | B78: 76 | D78: =sumif('Japan 2'!B:B,C78,'Japan 2'!F:F) -> 0
A79: FALSE | B79: 77 | D79: =sumif('Japan 2'!B:B,C79,'Japan 2'!F:F) -> 0
A80: FALSE | B80: 78 | D80: =sumif('Japan 2'!B:B,C80,'Japan 2'!F:F) -> 0
A81: FALSE | B81: 79 | D81: =sumif('Japan 2'!B:B,C81,'Japan 2'!F:F) -> 0
A82: FALSE | B82: 80 | D82: =sumif('Japan 2'!B:B,C82,'Japan 2'!F:F) -> 0
A83: FALSE | B83: 81 | D83: =sumif('Japan 2'!B:B,C83,'Japan 2'!F:F) -> 0
A84: FALSE | B84: 82 | D84: =sumif('Japan 2'!B:B,C84,'Japan 2'!F:F) -> 0
A85: FALSE | B85: 83 | D85: =sumif('Japan 2'!B:B,C85,'Japan 2'!F:F) -> 0
A86: FALSE | B86: 84 | D86: =sumif('Japan 2'!B:B,C86,'Japan 2'!F:F) -> 0
A87: FALSE | B87: 85 | D87: =sumif('Japan 2'!B:B,C87,'Japan 2'!F:F) -> 0
A88: FALSE | B88: 86 | D88: =sumif('Japan 2'!B:B,C88,'Japan 2'!F:F) -> 0
A89: FALSE | B89: 87 | D89: =sumif('Japan 2'!B:B,C89,'Japan 2'!F:F) -> 0
... A101: FALSE | B101: 99 | D101: =sumif('Japan 2'!B:B,C101,'Japan 2'!F:F) -> 0
